"group","variable","value"
1,"Low",-0.225413648207006
1,"Mid",-0.214979730752852
1,"High",-0.202852620128481
2,"Low",-0.148479714430812
2,"Mid",-0.140210215548778
2,"High",-0.158499163825977
3,"Low",-0.0257351305474322
3,"Mid",-0.0556538485246974
3,"High",-0.113340936839492
