"group","variable","value"
1,1,-0.218886219873334
2,2,-0.150168773083221
3,3,-0.102866009174144
